obj	manifest_rows	verified	port_status_only	external	in_progress	unresolved_engine	untracked
87cdisp.obj	5	0	0	5	0	0	0
87ctran.obj	4	0	0	4	0	0	0
87ctrigh.obj	6	0	0	6	0	0	0
87disp.obj	2	0	0	2	0	0	0
87except.obj	1	0	0	1	0	0	0
87fmod.obj	2	0	0	2	0	0	0
AeAssert.o	12	6	6	0	0	0	0
AeHash.o	1	1	0	0	0	0	0
Broc.o	161	95	66	0	0	0	0
ByteOrder.obj	5	0	0	5	0	0	0
ByteOrderIO.obj	14	0	0	14	0	0	0
CallFunctor.o	1	1	0	0	0	0	0
CircularBuffer.obj	6	0	0	6	0	0	0
FNXSDet.obj	10	0	0	10	0	0	0
InplaceFileBuilder.o	1	1	0	0	0	0	0
InplaceTree.o	1	1	0	0	0	0	0
MemoryUnit.o	35	23	12	0	0	0	0
PoolAllocator.o	64	17	47	0	0	0	0
PtrFixupTable.o	2	1	1	0	0	0	0
SearchGraph.obj	18	0	0	18	0	0	0
ShaderCommon.o	33	18	15	0	0	0	0
UnpackVoice.obj	9	0	0	9	0	0	0
XVoiceCmdsLib.obj	5	0	0	5	0	0	0
XboxMemoryUnit.o	46	28	18	0	0	0	0
_ctype.obj	15	0	0	15	0	0	0
_filbuf.obj	1	0	0	1	0	0	0
_file.obj	7	0	0	7	0	0	0
_flsbuf.obj	1	0	0	1	0	0	0
_flswbuf.obj	1	0	0	1	0	0	0
_fptostr.obj	1	0	0	1	0	0	0
_freebuf.obj	1	0	0	1	0	0	0
_getbuf.obj	1	0	0	1	0	0	0
_open.obj	1	0	0	1	0	0	0
_sftbuf.obj	2	0	0	2	0	0	0
_stricmp.obj	1	0	0	1	0	0	0
_strnicm.obj	1	0	0	1	0	0	0
abort.obj	1	0	0	1	0	0	0
abs.obj	2	0	0	2	0	0	0
ac97.obj	55	0	0	55	0	0	0
ac97xmo.obj	31	0	0	31	0	0	0
accounts.obj	42	0	0	42	0	0	0
acos.obj	1	0	0	1	0	0	0
adler32.o	2	2	0	0	0	0	0
advnotif.obj	21	0	0	21	0	0	0
ae_controller.o	2	1	1	0	0	0	0
ae_fixed_string.o	9	7	2	0	0	0	0
ae_heap.o	12	1	11	0	0	0	0
afmv_dx_idct.o	3	3	0	0	0	0	0
afmv_dx_rgb.o	2	2	0	0	0	0	0
allocate.obj	18	0	0	18	0	0	0
anim.o	741	728	13	0	0	0	0
api.obj	259	0	0	259	0	0	0
apk.o	24	21	3	0	0	0	0
apsAction.o	19	11	8	0	0	0	0
apsActionList.o	26	15	11	0	0	0	0
apsBillboardNode.o	33	2	31	0	0	0	0
apsBillboardRenderer.o	12	4	8	0	0	0	0
apsColorBillboardNode.o	16	2	14	0	0	0	0
apsColorBillboardRenderer.o	11	3	8	0	0	0	0
apsColorRectangleNode.o	16	2	14	0	0	0	0
apsColorRectangleRenderer.o	21	4	17	0	0	0	0
apsColorUVANode.o	16	2	14	0	0	0	0
apsColorUVARectangleNode.o	16	2	14	0	0	0	0
apsColorUVARectangleRenderer.o	19	4	15	0	0	0	0
apsColorUVARenderer.o	11	3	8	0	0	0	0
apsCommon.o	48	34	14	0	0	0	0
apsDebug.o	3	2	1	0	0	0	0
apsEffect.o	145	55	90	0	0	0	0
apsEffectTemplate.o	69	48	21	0	0	0	0
apsError.o	8	6	2	0	0	0	0
apsGroup.o	42	30	12	0	0	0	0
apsGroupMgr.o	35	18	17	0	0	0	0
apsInternal.o	25	20	5	0	0	0	0
apsMath.o	21	21	0	0	0	0	0
apsMemory.o	94	63	31	0	0	0	0
apsPFD.o	4	3	1	0	0	0	0
apsRectangleNode.o	16	2	14	0	0	0	0
apsRectangleRenderer.o	11	3	8	0	0	0	0
apsRegister.o	515	465	50	0	0	0	0
apsRenderer.o	3	3	0	0	0	0	0
apsShrimpNode.o	24	4	20	0	0	0	0
apsShrimpRenderer.o	14	4	10	0	0	0	0
apsSimpleMeshNode.o	10	2	8	0	0	0	0
apsSimpleMeshRenderer.o	30	14	16	0	0	0	0
apsSuppliedActions.o	125	53	72	0	0	0	0
apsSuppliedDomains.o	27	26	1	0	0	0	0
apsUVANode.o	21	2	19	0	0	0	0
apsUVARectangleNode.o	16	2	14	0	0	0	0
apsUVARectangleRenderer.o	11	3	8	0	0	0	0
apsUVARenderer.o	7	2	5	0	0	0	0
apsVFC.o	3	3	0	0	0	0	0
apsVertexBuffer.o	13	2	11	0	0	0	0
asin.obj	1	0	0	1	0	0	0
asktoenv.obj	1	0	0	1	0	0	0
assert.obj	1	0	0	1	0	0	0
astocs.obj	1	0	0	1	0	0	0
atof.obj	1	0	0	1	0	0	0
atox.obj	3	0	0	3	0	0	0
avgfilter_dual.obj	6	0	0	6	0	0	0
bandexpd.obj	1	0	0	1	0	0	0
base.obj	86	0	0	86	0	0	0
baseio.obj	23	0	0	23	0	0	0
bdAddr.obj	19	10	9	0	0	0	0
bdAddressMap-xbox.obj	7	4	3	0	0	0	0
bdAlignedOffsetMemory.obj	4	3	1	0	0	0	0
bdBitBuffer.obj	41	20	21	0	0	0	0
bdBitOperations.obj	4	0	4	0	0	0	0
bdByteBuffer.obj	5	4	1	0	0	0	0
bdBytePacker.obj	11	0	11	0	0	0	0
bdChunk.obj	9	7	2	0	0	0	0
bdCommonAddr-xbox.obj	28	9	19	0	0	0	0
bdConnection.obj	35	16	19	0	0	0	0
bdConnectionListener.obj	5	1	4	0	0	0	0
bdConnectionStatistics.obj	16	9	7	0	0	0	0
bdConnectionStore.obj	87	20	67	0	0	0	0
bdCookie.obj	12	11	1	0	0	0	0
bdCookieAckChunk.obj	8	6	2	0	0	0	0
bdCookieEchoChunk.obj	14	6	8	0	0	0	0
bdCore.obj	12	9	3	0	0	0	0
bdDataChunk.obj	20	12	8	0	0	0	0
bdDiscoveryClient.obj	35	15	20	0	0	0	0
bdDiscoveryListener.obj	7	6	1	0	0	0	0
bdDiscoveryServer.obj	9	7	2	0	0	0	0
bdDispatchInterceptor.obj	4	4	0	0	0	0	0
bdDispatcher.obj	17	6	11	0	0	0	0
bdGameInfo.obj	19	11	8	0	0	0	0
bdGameInfoFactory.obj	6	1	5	0	0	0	0
bdHMac.obj	1	0	1	0	0	0	0
bdHMacSHA1.obj	9	0	9	0	0	0	0
bdHeartbeatAckChunk.obj	8	6	2	0	0	0	0
bdHeartbeatChunk.obj	8	6	2	0	0	0	0
bdInAddr.obj	5	1	4	0	0	0	0
bdInetAddr.obj	25	16	9	0	0	0	0
bdInitAckChunk.obj	15	9	6	0	0	0	0
bdInitChunk.obj	11	10	1	0	0	0	0
bdLog.obj	15	1	14	0	0	0	0
bdLogChannel.obj	48	1	47	0	0	0	0
bdLogSubscriber.obj	5	4	1	0	0	0	0
bdLoopbackConnection.obj	37	18	19	0	0	0	0
bdMallocMemory.obj	6	3	3	0	0	0	0
bdMemory.obj	23	0	23	0	0	0	0
bdMessage.obj	25	12	13	0	0	0	0
bdMutex.obj	4	4	0	0	0	0	0
bdNet-xbox.obj	49	12	37	0	0	0	0
bdPacket.obj	32	9	23	0	0	0	0
bdPlatformMutex-xbox.obj	4	0	4	0	0	0	0
bdPlatformSocket-win32.obj	8	4	4	0	0	0	0
bdPlatformSocket.obj	5	4	1	0	0	0	0
bdPlatformTiming-xbox.obj	5	5	0	0	0	0	0
bdPlatformTrulyRandom-xbox.obj	1	0	1	0	0	0	0
bdQoSProbe-xbox.obj	54	13	41	0	0	0	0
bdQoSProbeListener.obj	4	4	0	0	0	0	0
bdRandom.obj	7	0	7	0	0	0	0
bdReceivedMessage.obj	4	3	1	0	0	0	0
bdReferencable.obj	1	1	0	0	0	0	0
bdReliableReceiveWindow.obj	19	7	12	0	0	0	0
bdReliableSendWindow.obj	24	10	14	0	0	0	0
bdSAckChunk.obj	26	11	15	0	0	0	0
bdSecurityKey-xbox.obj	6	6	0	0	0	0	0
bdSequenceNumber.obj	14	14	0	0	0	0	0
bdSession.obj	169	51	118	0	0	0	0
bdSessionHandler.obj	5	5	0	0	0	0	0
bdSessionInfo.obj	3	0	3	0	0	0	0
bdSessionInterceptor.obj	4	4	0	0	0	0	0
bdSessionListener.obj	12	9	3	0	0	0	0
bdShortTimer.obj	4	4	0	0	0	0	0
bdShutdownAckChunk.obj	8	6	2	0	0	0	0
bdShutdownChunk.obj	8	6	2	0	0	0	0
bdShutdownCompleteChunk.obj	8	6	2	0	0	0	0
bdSocket.obj	12	9	3	0	0	0	0
bdSocketRouter-xbox.obj	25	13	12	0	0	0	0
bdStopwatch.obj	7	6	1	0	0	0	0
bdString.obj	30	5	25	0	0	0	0
bdTrulyRandom.obj	3	1	2	0	0	0	0
bdUnicastConnection.obj	152	36	116	0	0	0	0
bdUnreliableReceiveWindow.obj	7	6	1	0	0	0	0
bdUnreliableSendWindow.obj	32	18	14	0	0	0	0
billing.obj	28	0	0	28	0	0	0
bitmap.obj	2	0	0	2	0	0	0
bitmapa.obj	1	0	0	1	0	0	0
bitpackc.obj	2	0	0	2	0	0	0
block.obj	19	0	0	19	0	0	0
bootutil.obj	11	0	0	11	0	0	0
bsearch.obj	1	0	0	1	0	0	0
btheap_dual.obj	3	0	0	3	0	0	0
buffer.obj	9	0	0	9	0	0	0
calccost.obj	2	0	0	2	0	0	0
cancelio.obj	2	0	0	2	0	0	0
cbufutil.obj	1	0	0	1	0	0	0
cd3dxassembler.obj	19	0	0	19	0	0	0
cd3dxblt.obj	35	0	0	35	0	0	0
cd3dxcodec.obj	131	0	0	131	0	0	0
cd3dxfile.obj	4	0	0	4	0	0	0
cd3dximage.obj	11	0	0	11	0	0	0
cd3dxrendertoenvmap.obj	21	0	0	21	0	0	0
cd3dxrendertosurface.obj	13	0	0	13	0	0	0
cd3dxsprite.obj	28	0	0	28	0	0	0
cd3dxstack.obj	10	0	0	10	0	0	0
cdAirplaneMetalShader.o	21	9	12	0	0	0	0
cdBackgroundShader.o	24	11	13	0	0	0	0
cdCharShader.o	24	9	15	0	0	0	0
cdCharSpecularShader.o	24	9	15	0	0	0	0
cdDebugShader.o	26	13	13	0	0	0	0
cdDebugVertexDef.o	7	7	0	0	0	0	0
cdDecalShader.o	22	10	12	0	0	0	0
cdDynamicDecalShader.o	37	10	27	0	0	0	0
cdDynamicDecalVertexDef.o	2	1	1	0	0	0	0
cdFlagShader.o	42	10	32	0	0	0	0
cdGlassShader.o	25	10	15	0	0	0	0
cdGlowShader.o	50	9	41	0	0	0	0
cdGunShader.o	24	10	14	0	0	0	0
cdGunSightShader.o	22	12	10	0	0	0	0
cdGunSightSpecularShader.o	22	10	12	0	0	0	0
cdHeatHazeShader.o	20	4	16	0	0	0	0
cdOceanGlobals.o	19	15	4	0	0	0	0
cdOceanShader.o	23	9	14	0	0	0	0
cdPrelitShader.o	25	9	16	0	0	0	0
cdPropellerShader.o	22	10	12	0	0	0	0
cdRiverShader.o	37	19	18	0	0	0	0
cdScratchShader.o	46	16	30	0	0	0	0
cdScratchVertexDef.o	2	2	0	0	0	0	0
cdSimpleAlphaShader.o	31	13	18	0	0	0	0
cdSimpleColorShader.o	13	9	4	0	0	0	0
cdSimpleInstance.o	17	13	4	0	0	0	0
cdSimplePrelitShader.o	19	11	8	0	0	0	0
cdSimpleShader.o	17	14	3	0	0	0	0
cdSimpleSpecularShader.o	24	13	11	0	0	0	0
cdSimpleUVAnimShader.o	40	11	29	0	0	0	0
cdSkyShader.o	22	9	13	0	0	0	0
cdWaterShader.o	21	10	11	0	0	0	0
cdWheelMarkShader.o	33	13	20	0	0	0	0
cdWorldBlendPointLitShader.o	34	9	25	0	0	0	0
cdWorldBlendShader.o	31	9	22	0	0	0	0
cdWorldColorShader.o	13	9	4	0	0	0	0
cdWorldPointLitShader.o	31	9	22	0	0	0	0
cdWorldShader.o	27	9	18	0	0	0	0
cdWorldVertexLitShader.o	25	12	13	0	0	0	0
cdl_base.o	2	2	0	0	0	0	0
cdl_common.o	16	5	11	0	0	0	0
cdl_gjk.o	10	0	10	0	0	0	0
ceil.obj	1	0	0	1	0	0	0
cfcache.obj	5	0	0	5	0	0	0
cfin.obj	1	0	0	1	0	0	0
cfout.obj	2	0	0	2	0	0	0
cg.o	405	287	118	0	0	0	0
chkstk.obj	1	0	0	1	0	0	0
chsize.obj	2	0	0	2	0	0	0
cipher.obj	6	0	0	6	0	0	0
cl.o	341	268	73	0	0	0	0
clear.obj	1	0	0	1	0	0	0
clock.obj	2	0	0	2	0	0	0
close.obj	2	0	0	2	0	0	0
closeall.obj	1	0	0	1	0	0	0
codegain.obj	2	0	0	2	0	0	0
codepv.obj	2	0	0	2	0	0	0
coder.obj	2	0	0	2	0	0	0
com_wmsapf.obj	1	0	0	1	0	0	0
com_wmsauxcode.obj	14	0	0	14	0	0	0
com_wmsfft.obj	5	0	0	5	0	0	0
com_wmsfuncs.obj	9	0	0	9	0	0	0
com_wmsmath.obj	9	0	0	9	0	0	0
combiner.obj	1	0	0	1	0	0	0
commit.obj	1	0	0	1	0	0	0
common.obj	9	0	0	9	0	0	0
comppow.obj	1	0	0	1	0	0	0
compress.o	3	3	0	0	0	0	0
compress.obj	1	0	0	1	0	0	0
compstr.obj	1	0	0	1	0	0	0
compstra.obj	1	0	0	1	0	0	0
contdl.obj	47	0	0	47	0	0	0
contenum.obj	16	0	0	16	0	0	0
context_dual.obj	8	0	0	8	0	0	0
controller.o	11	10	1	0	0	0	0
controller_xbox.o	16	12	4	0	0	0	0
contsig.obj	22	0	0	22	0	0	0
contutil.obj	13	0	0	13	0	0	0
core.o	1437	779	658	0	0	0	0
corrfunc.obj	1	0	0	1	0	0	0
cos.obj	1	0	0	1	0	0	0
cpudetect.obj	7	0	0	7	0	0	0
crc32.o	3	3	0	0	0	0	0
crt0.obj	1	0	0	1	0	0	0
crt0dat.obj	6	0	0	6	0	0	0
crt0fp.obj	1	0	0	1	0	0	0
crt0msg.obj	3	0	0	3	0	0	0
cstoenv.obj	1	0	0	1	0	0	0
ctype.obj	2	0	0	2	0	0	0
cvt.obj	8	0	0	8	0	0	0
d3dbase.obj	140	0	0	140	0	0	0
d3ddev.obj	2	0	0	2	0	0	0
d3dx8core.obj	9	0	0	9	0	0	0
d3dx8dbg.obj	4	0	0	4	0	0	0
d3dx8tex.obj	34	0	0	34	0	0	0
d3dxmath.obj	97	0	0	97	0	0	0
datetime.obj	15	0	0	15	0	0	0
dbgheap.obj	44	0	0	44	0	0	0
dbghook.obj	1	0	0	1	0	0	0
dbgrpt.obj	6	0	0	6	0	0	0
debug.obj	8	0	0	8	0	0	0
decalvb.obj	1	0	0	1	0	0	0
decblk.obj	1	0	0	1	0	0	0
decin.obj	4	0	0	4	0	0	0
decout.obj	1	0	0	1	0	0	0
decplssc.obj	7	0	0	7	0	0	0
decsc.obj	5	0	0	5	0	0	0
dectree.obj	2	0	0	2	0	0	0
decuncmp.obj	2	0	0	2	0	0	0
decvcfry.obj	4	0	0	4	0	0	0
decxlat.obj	2	0	0	2	0	0	0
deflate.o	12	12	0	0	0	0	0
delaybnd.obj	1	0	0	1	0	0	0
delta_dual.obj	7	0	0	7	0	0	0
demltplx.obj	1	0	0	1	0	0	0
devstate.obj	21	0	0	21	0	0	0
devsys.obj	2	0	0	2	0	0	0
dir.obj	2	0	0	2	0	0	0
dirops.obj	23	0	0	23	0	0	0
disk.obj	28	0	0	28	0	0	0
dlmalloc.o	15	0	15	0	0	0	0
dosmap.obj	3	0	0	3	0	0	0
download.obj	28	0	0	28	0	0	0
drawprim.obj	18	0	0	18	0	0	0
dsapi.obj	415	0	0	415	0	0	0
dscommon.obj	96	0	0	96	0	0	0
dsmath.obj	14	0	0	14	0	0	0
dspdma.obj	6	0	0	6	0	0	0
dsperf.obj	5	0	0	5	0	0	0
dvdload.obj	7	0	0	7	0	0	0
dxgcreate.obj	10	0	0	10	0	0	0
ehprolog.obj	1	0	0	1	0	0	0
ehvccctr.obj	1	0	0	1	0	0	0
ehvecctr.obj	1	0	0	1	0	0	0
ehvecdtr.obj	2	0	0	2	0	0	0
encsc.obj	3	0	0	3	0	0	0
enet.obj	29	0	0	29	0	0	0
engine.obj	240	0	0	240	0	0	0
enum.obj	11	0	0	11	0	0	0
envtoas.obj	1	0	0	1	0	0	0
epdsp.obj	18	0	0	18	0	0	0
error.obj	7	0	0	7	0	0	0
estonset.obj	3	0	0	3	0	0	0
expand.obj	1	0	0	1	0	0	0
exphase.obj	1	0	0	1	0	0	0
exsup.obj	5	0	0	5	0	0	0
exsup3.obj	2	0	0	2	0	0	0
fadesc.obj	6	0	0	6	0	0	0
fclose.obj	2	0	0	2	0	0	0
features.obj	15	0	0	15	0	0	0
feedback.obj	6	0	0	6	0	0	0
fflush.obj	4	0	0	4	0	0	0
fft_cent.obj	1	0	0	1	0	0	0
fftsmcos.obj	2	0	0	2	0	0	0
fhtkrnl.obj	1	0	0	1	0	0	0
filefind.obj	3	0	0	3	0	0	0
filehops.obj	17	0	0	17	0	0	0
filemisc.obj	11	0	0	11	0	0	0
fileopcr.obj	3	0	0	3	0	0	0
floatmath.obj	4	0	0	4	0	0	0
floor.obj	1	0	0	1	0	0	0
fontmath.obj	41	0	0	41	0	0	0
fopen.obj	2	0	0	2	0	0	0
format.obj	2	0	0	2	0	0	0
fp8.obj	1	0	0	1	0	0	0
fpctrl.obj	4	0	0	4	0	0	0
fpexcept.obj	9	0	0	9	0	0	0
fpinit.obj	4	0	0	4	0	0	0
fprintf.obj	1	0	0	1	0	0	0
fputwc.obj	3	0	0	3	0	0	0
frame.obj	11	0	0	11	0	0	0
fread.obj	2	0	0	2	0	0	0
free.obj	1	0	0	1	0	0	0
friends.obj	106	0	0	106	0	0	0
frnd.obj	1	0	0	1	0	0	0
fscaler.obj	34	0	0	34	0	0	0
fseek.obj	2	0	0	2	0	0	0
fsglue.obj	81	0	0	81	0	0	0
ftell.obj	2	0	0	2	0	0	0
ftol2.obj	1	0	0	1	0	0	0
fwrite.obj	2	0	0	2	0	0	0
g.o	1470	1470	0	0	0	0	0
game.o	1158	744	414	0	0	0	0
game2.o	1040	276	764	0	0	0	0
game_xbox.o	365	137	228	0	0	0	0
garbage_dual.obj	5	0	0	5	0	0	0
genexcep.obj	2	0	0	2	0	0	0
gmtime.obj	1	0	0	1	0	0	0
gpdsp.obj	19	0	0	19	0	0	0
halx.obj	12	0	0	12	0	0	0
handle.obj	2	0	0	2	0	0	0
handler.obj	3	0	0	3	0	0	0
hawk2.obj	30	0	0	30	0	0	0
header.obj	18	0	0	18	0	0	0
heap.obj	60	0	0	60	0	0	0
heapchk.obj	2	0	0	2	0	0	0
heapinit.obj	2	0	0	2	0	0	0
hfregen.obj	3	0	0	3	0	0	0
hooks.obj	3	0	0	3	0	0	0
hrtf.obj	27	0	0	27	0	0	0
hub.obj	27	0	0	27	0	0	0
hwin.obj	2	0	0	2	0	0	0
i3dl2.obj	16	0	0	16	0	0	0
ieee87.obj	5	0	0	5	0	0	0
ieeemisc.obj	8	0	0	8	0	0	0
inactivemode.obj	13	0	0	13	0	0	0
inffast.o	1	1	0	0	0	0	0
inflate.o	11	11	0	0	0	0	0
inftrees.o	1	1	0	0	0	0	0
initcrit.obj	1	0	0	1	0	0	0
initsect.obj	2	0	0	2	0	0	0
input.obj	10	0	0	10	0	0	0
instructiongraph.obj	612	0	0	612	0	0	0
interp.obj	190	0	0	190	0	0	0
intrncvt.obj	14	0	0	14	0	0	0
ioinit.obj	2	0	0	2	0	0	0
ip.obj	156	0	0	156	0	0	0
ipcfg.obj	37	0	0	37	0	0	0
ipdns.obj	18	0	0	18	0	0	0
ipicmp.obj	3	0	0	3	0	0	0
ippnelly.obj	6	0	0	6	0	0	0
ipqos.obj	33	0	0	33	0	0	0
isatty.obj	1	0	0	1	0	0	0
isctype.obj	2	0	0	2	0	0	0
ismbspc.obj	1	0	0	1	0	0	0
isoch.obj	10	0	0	10	0	0	0
isr.obj	15	0	0	15	0	0	0
iswctype.obj	2	0	0	2	0	0	0
jcomapi.obj	4	0	0	4	0	0	0
jdapimin.obj	9	0	0	9	0	0	0
jdapistd.obj	5	0	0	5	0	0	0
jdcoefct.obj	1	0	0	1	0	0	0
jdcolor.obj	4	0	0	4	0	0	0
jddctmgr.obj	1	0	0	1	0	0	0
jdhuff.obj	4	0	0	4	0	0	0
jdinput.obj	1	0	0	1	0	0	0
jdmainct.obj	1	0	0	1	0	0	0
jdmarker.obj	2	0	0	2	0	0	0
jdmaster.obj	3	0	0	3	0	0	0
jdmerge.obj	1	0	0	1	0	0	0
jdphuff.obj	1	0	0	1	0	0	0
jdpostct.obj	1	0	0	1	0	0	0
jdsample.obj	1	0	0	1	0	0	0
jerror.obj	1	0	0	1	0	0	0
jidctflt.obj	1	0	0	1	0	0	0
jidctfst.obj	1	0	0	1	0	0	0
jidctint.obj	1	0	0	1	0	0	0
jidctred.obj	3	0	0	3	0	0	0
jitter.obj	1	0	0	1	0	0	0
jmemmgr.obj	1	0	0	1	0	0	0
jmemnobs.obj	8	0	0	8	0	0	0
jobqueue.o	26	14	12	0	0	0	0
jobqueue_legacy.o	11	8	3	0	0	0	0
jquant1.obj	1	0	0	1	0	0	0
jquant2.obj	1	0	0	1	0	0	0
jutils.obj	6	0	0	6	0	0	0
k2ask.obj	2	0	0	2	0	0	0
kerberos.obj	59	0	0	59	0	0	0
klpitch.obj	1	0	0	1	0	0	0
krb5.obj	6	0	0	6	0	0	0
krnlptch.obj	2	0	0	2	0	0	0
kstoas.obj	1	0	0	1	0	0	0
kthunks.obj	7	0	0	7	0	0	0
launch.obj	4	0	0	4	0	0	0
lazy.obj	12	0	0	12	0	0	0
lcompat.obj	6	0	0	6	0	0	0
lcompata.obj	6	0	0	6	0	0	0
ldexp.obj	1	0	0	1	0	0	0
ldpda.obj	4	0	0	4	0	0	0
lineintp.obj	1	0	0	1	0	0	0
livesign.obj	9	0	0	9	0	0	0
lldiv.obj	1	0	0	1	0	0	0
llmul.obj	1	0	0	1	0	0	0
llrem.obj	1	0	0	1	0	0	0
llshl.obj	1	0	0	1	0	0	0
llshr.obj	1	0	0	1	0	0	0
localcache.obj	139	0	0	139	0	0	0
localtalker.obj	65	0	0	65	0	0	0
localtim.obj	1	0	0	1	0	0	0
log2.obj	2	0	0	2	0	0	0
logon.obj	82	0	0	82	0	0	0
longjmp.obj	1	0	0	1	0	0	0
lowhelpr.obj	1	0	0	1	0	0	0
lseek.obj	2	0	0	2	0	0	0
lseeki64.obj	2	0	0	2	0	0	0
magsq.obj	2	0	0	2	0	0	0
maketbl.obj	2	0	0	2	0	0	0
malloc.obj	3	0	0	3	0	0	0
mantold.obj	5	0	0	5	0	0	0
match.obj	22	0	0	22	0	0	0
math.obj	8	0	0	8	0	0	0
matherr.obj	1	0	0	1	0	0	0
mbctype.obj	4	0	0	4	0	0	0
mbtowc.obj	1	0	0	1	0	0	0
mcpapu.obj	43	0	0	43	0	0	0
mcpbuf.obj	38	0	0	38	0	0	0
mcpstrm.obj	39	0	0	39	0	0	0
mcpvoice.obj	44	0	0	44	0	0	0
mcpxcore.obj	26	0	0	26	0	0	0
md5.obj	3	0	0	3	0	0	0
melcep_Int.obj	13	0	0	13	0	0	0
mem_lib.o	47	37	10	0	0	0	0
mem_lib_platform.o	11	9	2	0	0	0	0
memchr.obj	1	0	0	1	0	0	0
memcpy.obj	1	0	0	1	0	0	0
memmove.obj	1	0	0	1	0	0	0
memory.obj	17	0	0	17	0	0	0
memset.obj	1	0	0	1	0	0	0
memutil.obj	13	0	0	13	0	0	0
memutils.obj	4	0	0	4	0	0	0
messaging.obj	102	0	0	102	0	0	0
mfcc_dual.obj	2	0	0	2	0	0	0
midframe.obj	1	0	0	1	0	0	0
midpitch.obj	2	0	0	2	0	0	0
mifst.obj	1	0	0	1	0	0	0
miint.obj	1	0	0	1	0	0	0
mlock.obj	6	0	0	6	0	0	0
modf.obj	1	0	0	1	0	0	0
mountmu.obj	6	0	0	6	0	0	0
mp.o	1142	874	268	0	0	0	0
mp_actors.o	436	388	48	0	0	0	0
mp_anim_wad.o	430	10	420	0	0	0	0
mp_level_wad.o	1062	36	1026	0	0	0	0
mp_shell.o	835	791	44	0	0	0	0
mp_util_wad.o	1283	368	915	0	0	0	0
mp_xbox.o	77	62	15	0	0	0	0
mpcore.obj	25	0	0	25	0	0	0
mpdac.obj	2	0	0	2	0	0	0
mphal.obj	22	0	0	22	0	0	0
mpintr.obj	18	0	0	18	0	0	0
mpmode.obj	4	0	0	4	0	0	0
mrb.obj	11	0	0	11	0	0	0
msasn1.obj	166	0	0	166	0	0	0
msvqpred.obj	2	0	0	2	0	0	0
mu.obj	10	0	0	10	0	0	0
muldiv.obj	1	0	0	1	0	0	0
nal_anim.o	29	12	17	0	0	0	0
nal_cache.o	7	3	4	0	0	0	0
nal_generic.o	68	24	44	0	0	0	0
nal_generic_component.o	36	1	35	0	0	0	0
nal_ik.o	2	0	2	0	0	0	0
nal_init.o	899	41	858	0	0	0	0
nal_initlist.o	1	1	0	0	0	0	0
nal_math.o	1	1	0	0	0	0	0
nal_sceneanim.o	10	0	10	0	0	0	0
nal_skeleton.o	10	2	8	0	0	0	0
nal_stream.o	18	0	18	0	0	0	0
nciplssc.obj	10	0	0	10	0	0	0
ncisase3200.obj	18	0	0	18	0	0	0
nciscmr3200.obj	12	0	0	12	0	0	0
nelllydurb.obj	1	0	0	1	0	0	0
nellymem.obj	2	0	0	2	0	0	0
nellyqr.obj	1	0	0	1	0	0	0
networkqueue.obj	29	0	0	29	0	0	0
nextgen.o	8	0	8	0	0	0	0
nfl_common.o	10	10	0	0	0	0	0
nfl_debug.o	12	12	0	0	0	0	0
nfl_driver.o	4	4	0	0	0	0	0
nfl_system.o	53	51	2	0	0	0	0
nfl_win32_driver.o	9	9	0	0	0	0	0
nfl_xbox_driver.o	1	1	0	0	0	0	0
ngl_aux.o	164	40	124	0	0	0	0
ngl_debug.o	62	46	16	0	0	0	0
ngl_debugdraw.o	11	11	0	0	0	0	0
ngl_dx_buf.o	4	4	0	0	0	0	0
ngl_dx_core.o	43	25	18	0	0	0	0
ngl_dx_debug.o	5	5	0	0	0	0	0
ngl_dx_draw.o	2	1	1	0	0	0	0
ngl_dx_filters.o	28	18	10	0	0	0	0
ngl_dx_font.o	2	2	0	0	0	0	0
ngl_dx_fsaa.o	2	1	1	0	0	0	0
ngl_dx_mesh.o	4	4	0	0	0	0	0
ngl_dx_quad.o	11	3	8	0	0	0	0
ngl_dx_scene.o	27	18	9	0	0	0	0
ngl_dx_scenedump.o	3	3	0	0	0	0	0
ngl_dx_shader.o	18	8	10	0	0	0	0
ngl_dx_state.o	5	5	0	0	0	0	0
ngl_dx_tex_create.o	17	11	6	0	0	0	0
ngl_dx_texture.o	17	12	5	0	0	0	0
ngl_font.o	27	25	2	0	0	0	0
ngl_gpu.o	32	17	15	0	0	0	0
ngl_gpu_debug.o	4	2	2	0	0	0	0
ngl_gpu_meshedit.o	14	12	2	0	0	0	0
ngl_gpu_texture.o	17	0	17	0	0	0	0
ngl_internal.o	29	24	5	0	0	0	0
ngl_lighting.o	41	22	19	0	0	0	0
ngl_mesh.o	33	19	14	0	0	0	0
ngl_meshedit.o	9	9	0	0	0	0	0
ngl_morph.o	12	10	2	0	0	0	0
ngl_quad.o	20	20	0	0	0	0	0
ngl_scene.o	150	73	77	0	0	0	0
ngl_scenedump.o	7	7	0	0	0	0	0
ngl_texture.o	11	9	2	0	0	0	0
ngl_xb_internal.o	2	2	0	0	0	0	0
ngl_xb_palette.o	13	9	4	0	0	0	0
ngl_xb_tex_load.o	2	1	1	0	0	0	0
nicx.obj	49	0	0	49	0	0	0
nnet_dual.obj	16	0	0	16	0	0	0
nslAram.o	9	9	0	0	0	0	0
nslCompat.o	21	21	0	0	0	0	0
nslDriverXBOXDSOUND.o	56	13	43	0	0	0	0
nslGroup.o	8	8	0	0	0	0	0
nslInit.o	7	7	0	0	0	0	0
nslListener.o	7	7	0	0	0	0	0
nslMaster.o	16	16	0	0	0	0	0
nslMemory.o	2	2	0	0	0	0	0
nslPriority.o	7	7	0	0	0	0	0
nslSource.o	69	68	1	0	0	0	0
nslUpdate.o	2	2	0	0	0	0	0
nslVoice.o	5	5	0	0	0	0	0
nslWave.o	15	15	0	0	0	0	0
nslWaveBank.o	48	48	0	0	0	0	0
nslWaveBankFixup.o	1	1	0	0	0	0	0
nslWaveBankLoader.o	5	5	0	0	0	0	0
nslWaveBankSort.o	3	3	0	0	0	0	0
nurand.obj	1	0	0	1	0	0	0
nvl_afmv.o	32	19	13	0	0	0	0
nvl_base.o	23	22	1	0	0	0	0
nvl_xbox.o	11	6	5	0	0	0	0
ohcd.obj	21	0	0	21	0	0	0
oladd.obj	1	0	0	1	0	0	0
onexit.obj	3	0	0	3	0	0	0
open.obj	2	0	0	2	0	0	0
osfinfo.obj	7	0	0	7	0	0	0
outbufsc.obj	2	0	0	2	0	0	0
output.obj	1	0	0	1	0	0	0
outputdebugstringa.obj	8	0	0	8	0	0	0
outputdebugstringw.obj	1	0	0	1	0	0	0
overadd.obj	3	0	0	3	0	0	0
packsc.obj	2	0	0	2	0	0	0
painttext.obj	13	0	0	13	0	0	0
pathmisc.obj	13	0	0	13	0	0	0
pathname.obj	10	0	0	10	0	0	0
peakpick.obj	1	0	0	1	0	0	0
perfctr.obj	2	0	0	2	0	0	0
phys_collision.o	24	5	19	0	0	0	0
phys_constraint_solver_multithreaded.o	184	15	169	0	0	0	0
phys_contact_manifold.o	26	7	19	0	0	0	0
phys_gjk.o	37	9	28	0	0	0	0
phys_util.o	11	0	11	0	0	0	0
physical.obj	6	0	0	6	0	0	0
physics.o	747	313	434	0	0	0	0
physics_system.o	313	18	295	0	0	0	0
physics_system_internal.o	154	18	136	0	0	0	0
pifst.obj	1	0	0	1	0	0	0
piint.obj	1	0	0	1	0	0	0
pipedelay_dual.obj	5	0	0	5	0	0	0
pixeljar.obj	16	0	0	16	0	0	0
pixelshader.obj	20	0	0	20	0	0	0
pixelshaderopt.obj	30	0	0	30	0	0	0
pixelshaderoptimizer.obj	39	0	0	39	0	0	0
pixelshaderverifier.obj	65	0	0	65	0	0	0
players.obj	66	0	0	66	0	0	0
plugin.obj	35	0	0	35	0	0	0
png.obj	15	0	0	15	0	0	0
pngerror.obj	6	0	0	6	0	0	0
pngget.obj	9	0	0	9	0	0	0
pngmem.obj	6	0	0	6	0	0	0
pngread.obj	12	0	0	12	0	0	0
pngrio.obj	2	0	0	2	0	0	0
pngrtran.obj	21	0	0	21	0	0	0
pngrutil.obj	18	0	0	18	0	0	0
pngset.obj	7	0	0	7	0	0	0
pngtrans.obj	6	0	0	6	0	0	0
polyintp.obj	1	0	0	1	0	0	0
pool.obj	9	0	0	9	0	0	0
postfilt.obj	1	0	0	1	0	0	0
pow.obj	3	0	0	3	0	0	0
powerdwn.obj	4	0	0	4	0	0	0
powhlp.obj	2	0	0	2	0	0	0
preproc.obj	3	0	0	3	0	0	0
preprocessor.obj	85	0	0	85	0	0	0
presence.obj	88	0	0	88	0	0	0
present.obj	5	0	0	5	0	0	0
presmsg.obj	66	0	0	66	0	0	0
printf.obj	1	0	0	1	0	0	0
process.obj	5	0	0	5	0	0	0
psalloc.obj	16	0	0	16	0	0	0
psbitervca.obj	2	0	0	2	0	0	0
psbitrevm6a6as.obj	13	0	0	13	0	0	0
pscopyca.obj	26	0	0	26	0	0	0
pscopym6a6as.obj	16	0	0	16	0	0	0
psdp16sa6as.obj	6	0	0	6	0	0	0
psdp32fa6w7as.obj	3	0	0	3	0	0	0
psdpca.obj	15	0	0	15	0	0	0
psdppxm6ca.obj	3	0	0	3	0	0	0
psffts.obj	19	0	0	19	0	0	0
psfftsblka6as.obj	8	0	0	8	0	0	0
psfftsblkcn.obj	6	0	0	6	0	0	0
psfftscorea6as.obj	8	0	0	8	0	0	0
psfftscoreca.obj	1	0	0	1	0	0	0
psfftsmisca6as.obj	2	0	0	2	0	0	0
psfftsreca6as.obj	2	0	0	2	0	0	0
psfftsrecca.obj	2	0	0	2	0	0	0
pshader.obj	19	0	0	19	0	0	0
pshdrval.obj	32	0	0	32	0	0	0
psmax.obj	3	0	0	3	0	0	0
psmaxa6as.obj	1	0	0	1	0	0	0
psmaxa6w7as.obj	1	0	0	1	0	0	0
psmaxm6a6as.obj	1	0	0	1	0	0	0
psmin.obj	3	0	0	3	0	0	0
psmina6as.obj	1	0	0	1	0	0	0
psmina6w7as.obj	1	0	0	1	0	0	0
psminm6a6as.obj	1	0	0	1	0	0	0
psminmaxindxca.obj	6	0	0	6	0	0	0
psminmaxm6a6as.obj	10	0	0	10	0	0	0
ptchcand.obj	1	0	0	1	0	0	0
purevirt.obj	2	0	0	2	0	0	0
pusher.obj	53	0	0	53	0	0	0
pushres.obj	37	0	0	37	0	0	0
qp0sc3.obj	3	0	0	3	0	0	0
qsort.obj	1	0	0	1	0	0	0
quadpeak.obj	1	0	0	1	0	0	0
rand.obj	2	0	0	2	0	0	0
rate.obj	1	0	0	1	0	0	0
rb_ragdoll_model.o	92	22	70	0	0	0	0
rbc_def_contact.o	14	2	12	0	0	0	0
rbc_def_custom.o	4	2	2	0	0	0	0
rbc_def_generic.o	26	13	13	0	0	0	0
rbc_def_ragdoll.o	38	17	21	0	0	0	0
rbc_def_vehicle.o	46	10	36	0	0	0	0
rdi.obj	13	0	0	13	0	0	0
read.obj	2	0	0	2	0	0	0
realloc.obj	1	0	0	1	0	0	0
reboot.obj	9	0	0	9	0	0	0
recorder.obj	41	0	0	41	0	0	0
refinec0.obj	1	0	0	1	0	0	0
remotetalker.obj	45	0	0	45	0	0	0
render.o	1038	1032	6	0	0	0	0
resource.obj	30	0	0	30	0	0	0
rigid_body.o	13	7	6	0	0	0	0
roothub.obj	8	0	0	8	0	0	0
rsmsvq.obj	2	0	0	2	0	0	0
rtti.obj	3	0	0	3	0	0	0
s3tc.obj	7	0	0	7	0	0	0
s3tchelp.obj	2	0	0	2	0	0	0
sbit.obj	26	0	0	26	0	0	0
scale.obj	63	0	0	63	0	0	0
scalevec.obj	1	0	0	1	0	0	0
scanlist.obj	34	0	0	34	0	0	0
scbitmap.obj	7	0	0	7	0	0	0
scendpt.obj	12	0	0	12	0	0	0
scentry.obj	10	0	0	10	0	0	0
schedule.obj	7	0	0	7	0	0	0
scline.obj	4	0	0	4	0	0	0
scmemory.obj	3	0	0	3	0	0	0
scr.o	1540	905	635	0	0	0	0
scspline.obj	4	0	0	4	0	0	0
secchk.obj	1	0	0	1	0	0	0
seccinit.obj	1	0	0	1	0	0	0
secfail.obj	4	0	0	4	0	0	0
seevoc.obj	1	0	0	1	0	0	0
sehprolg.obj	2	0	0	2	0	0	0
sehsupp.obj	1	0	0	1	0	0	0
selepeak.obj	1	0	0	1	0	0	0
service.obj	1	0	0	1	0	0	0
setamps.obj	2	0	0	2	0	0	0
setjmp3.obj	1	0	0	1	0	0	0
setmode.obj	2	0	0	2	0	0	0
setvbuf.obj	1	0	0	1	0	0	0
sfntaccs.obj	40	0	0	40	0	0	0
shadersnapshot.obj	40	0	0	40	0	0	0
shell.o	2214	1756	458	0	0	0	0
sin.obj	1	0	0	1	0	0	0
skin.obj	22	0	0	22	0	0	0
snprintf.obj	1	0	0	1	0	0	0
snwprint.obj	1	0	0	1	0	0	0
sock.obj	141	0	0	141	0	0	0
socktcp.obj	95	0	0	95	0	0	0
sockudp.obj	10	0	0	10	0	0	0
spcbm.obj	4	0	0	4	0	0	0
sprintf.obj	2	0	0	2	0	0	0
sq.obj	2	0	0	2	0	0	0
sqlawpks.obj	1	0	0	1	0	0	0
sqrt.obj	1	0	0	1	0	0	0
sscanf.obj	1	0	0	1	0	0	0
state.obj	52	0	0	52	0	0	0
stats.obj	61	0	0	61	0	0	0
stdexcpt.obj	23	0	0	23	0	0	0
stftpks.obj	1	0	0	1	0	0	0
stordl.obj	9	0	0	9	0	0	0
storul.obj	44	0	0	44	0	0	0
storutil.obj	19	0	0	19	0	0	0
strcat.obj	2	0	0	2	0	0	0
strchr.obj	1	0	0	1	0	0	0
strcmp.obj	1	0	0	1	0	0	0
strcspn.obj	1	0	0	1	0	0	0
strdup.obj	2	0	0	2	0	0	0
stream.obj	1	0	0	1	0	0	0
streamer.o	730	345	385	0	0	0	0
strgtold.obj	2	0	0	2	0	0	0
stricmp.obj	2	0	0	2	0	0	0
string.obj	14	0	0	14	0	0	0
strlen.obj	1	0	0	1	0	0	0
strlwr.obj	2	0	0	2	0	0	0
strncat.obj	1	0	0	1	0	0	0
strncmp.obj	1	0	0	1	0	0	0
strncpy.obj	1	0	0	1	0	0	0
strnicmp.obj	2	0	0	2	0	0	0
strrchr.obj	1	0	0	1	0	0	0
strstr.obj	1	0	0	1	0	0	0
strtod.obj	1	0	0	1	0	0	0
strtok.obj	1	0	0	1	0	0	0
strtol.obj	2	0	0	2	0	0	0
strupr.obj	2	0	0	2	0	0	0
subfmsyn.obj	3	0	0	3	0	0	0
subpixel.obj	1	0	0	1	0	0	0
support.obj	2	0	0	2	0	0	0
surface.obj	11	0	0	11	0	0	0
surfacetofile.obj	1	0	0	1	0	0	0
sv.o	148	136	12	0	0	0	0
swizzler.obj	46	0	0	46	0	0	0
swprintf.obj	2	0	0	2	0	0	0
swsynth.obj	2	0	0	2	0	0	0
symmdec.obj	4	0	0	4	0	0	0
symwinsp.obj	1	0	0	1	0	0	0
synch.obj	22	0	0	22	0	0	0
tcpipxsum.obj	1	0	0	1	0	0	0
teams.obj	44	0	0	44	0	0	0
tenpow.obj	2	0	0	2	0	0	0
texture.obj	12	0	0	12	0	0	0
thread.obj	25	0	0	25	0	0	0
throw.obj	1	0	0	1	0	0	0
tidtable.obj	9	0	0	9	0	0	0
timing.obj	46	0	0	46	0	0	0
titlecache.obj	16	0	0	16	0	0	0
tl_initlist.o	1	1	0	0	0	0	0
tl_instbank.o	9	9	0	0	0	0	0
tl_system.o	25	23	2	0	0	0	0
tls.obj	4	0	0	4	0	0	0
tolower.obj	2	0	0	2	0	0	0
toupper.obj	2	0	0	2	0	0	0
towlower.obj	1	0	0	1	0	0	0
transfer.obj	15	0	0	15	0	0	0
tree.obj	35	0	0	35	0	0	0
trees.o	5	5	0	0	0	0	0
trnsctrl.obj	13	0	0	13	0	0	0
troubleshoot.obj	7	0	0	7	0	0	0
truetype.obj	3	0	0	3	0	0	0
tx.o	5	5	0	0	0	0	0
txPath.o	11	11	0	0	0	0	0
txSlotPool.o	15	15	0	0	0	0	0
tx_tl.o	8	8	0	0	0	0	0
typeinfo.obj	2	0	0	2	0	0	0
typinfo.obj	9	0	0	9	0	0	0
tzset.obj	3	0	0	3	0	0	0
uiobj.obj	24	0	0	24	0	0	0
uixlogon.obj	87	0	0	87	0	0	0
ulldiv.obj	1	0	0	1	0	0	0
ullrem.obj	1	0	0	1	0	0	0
ullshr.obj	1	0	0	1	0	0	0
uncompr.o	1	1	0	0	0	0	0
ungetc.obj	2	0	0	2	0	0	0
unhandld.obj	3	0	0	3	0	0	0
unzip.o	18	0	18	0	0	0	0
upload.obj	27	0	0	27	0	0	0
upnpnat.obj	20	0	0	20	0	0	0
usbd.obj	9	0	0	9	0	0	0
usbdev.obj	31	0	0	31	0	0	0
usbinit.obj	4	0	0	4	0	0	0
usbmem.obj	2	0	0	2	0	0	0
users.obj	23	0	0	23	0	0	0
util.obj	11	0	0	11	0	0	0
uvphase.obj	1	0	0	1	0	0	0
valbase.obj	21	0	0	21	0	0	0
validate.obj	3	0	0	3	0	0	0
vfntcreatefont.obj	3	0	0	3	0	0	0
vfntinterface.obj	3	0	0	3	0	0	0
vfntutility.obj	10	0	0	10	0	0	0
vfprintf.obj	1	0	0	1	0	0	0
virtual.obj	9	0	0	9	0	0	0
voicechatmode.obj	91	0	0	91	0	0	0
voicecodecsutils.obj	2	0	0	2	0	0	0
voicedecoder.obj	4	0	0	4	0	0	0
voiceencoder.obj	11	0	0	11	0	0	0
voicemail.obj	53	0	0	53	0	0	0
voicemailmode.obj	27	0	0	27	0	0	0
voicing.obj	2	0	0	2	0	0	0
voicld.obj	2	0	0	2	0	0	0
vq2.obj	2	0	0	2	0	0	0
vshader.obj	36	0	0	36	0	0	0
vshdrval.obj	31	0	0	31	0	0	0
vsnprint.obj	1	0	0	1	0	0	0
vsnwprnt.obj	1	0	0	1	0	0	0
vsprintf.obj	2	0	0	2	0	0	0
vswprint.obj	2	0	0	2	0	0	0
warp.obj	2	0	0	2	0	0	0
wavexmo.obj	41	0	0	41	0	0	0
wcscat.obj	2	0	0	2	0	0	0
wcschr.obj	1	0	0	1	0	0	0
wcscmp.obj	1	0	0	1	0	0	0
wcsicmp.obj	1	0	0	1	0	0	0
wcslen.obj	1	0	0	1	0	0	0
wcsncpy.obj	1	0	0	1	0	0	0
wcsnicmp.obj	1	0	0	1	0	0	0
wcsstr.obj	1	0	0	1	0	0	0
wctomb.obj	1	0	0	1	0	0	0
widechar.obj	4	0	0	4	0	0	0
window.obj	1	0	0	1	0	0	0
winsig.obj	4	0	0	4	0	0	0
winxfltr.obj	2	0	0	2	0	0	0
wmavoicedec.obj	7	0	0	7	0	0	0
wmavoiceenc.obj	6	0	0	6	0	0	0
wmsacbsearch.obj	6	0	0	6	0	0	0
wmsasearch.obj	5	0	0	5	0	0	0
wmsauxcode.obj	49	0	0	49	0	0	0
wmsbitratecontrol.obj	11	0	0	11	0	0	0
wmsclc.obj	3	0	0	3	0	0	0
wmsconfig.obj	10	0	0	10	0	0	0
wmsdec.obj	27	0	0	27	0	0	0
wmsdecfuncs.obj	4	0	0	4	0	0	0
wmsdecstream.obj	21	0	0	21	0	0	0
wmsenc.obj	14	0	0	14	0	0	0
wmsencode.obj	12	0	0	12	0	0	0
wmsencstream.obj	11	0	0	11	0	0	0
wmsexe.obj	4	0	0	4	0	0	0
wmsfcbsrch.obj	14	0	0	14	0	0	0
wmsfilcode.obj	5	0	0	5	0	0	0
wmshypprocess.obj	1	0	0	1	0	0	0
wmslpc.obj	2	0	0	2	0	0	0
wmslsp.obj	2	0	0	2	0	0	0
wmslspqnt.obj	5	0	0	5	0	0	0
wmsmdfyres.obj	11	0	0	11	0	0	0
wmspacket.obj	4	0	0	4	0	0	0
wmsparsebits.obj	3	0	0	3	0	0	0
wmspitchclass.obj	13	0	0	13	0	0	0
wmsquantize_g.obj	4	0	0	4	0	0	0
wmssynth_spch.obj	9	0	0	9	0	0	0
wmswintool.obj	6	0	0	6	0	0	0
woutput.obj	1	0	0	1	0	0	0
write.obj	2	0	0	2	0	0	0
x10fout.obj	1	0	0	1	0	0	0
xapi0.obj	2	0	0	2	0	0	0
xapi0dat.obj	2	0	0	2	0	0	0
xapidlla.obj	1	0	0	1	0	0	0
xapiheap.obj	20	0	0	20	0	0	0
xapiinit.obj	7	0	0	7	0	0	0
xapiterm.obj	3	0	0	3	0	0	0
xbdm.dll	1	0	0	1	0	0	0
xbosutil.obj	2	0	0	2	0	0	0
xboxkrnl.exe	167	0	0	167	0	0	0
xcalcsig.obj	15	0	0	15	0	0	0
xclndrv.obj	2	0	0	2	0	0	0
xcontent.obj	22	0	0	22	0	0	0
xemodule.obj	6	0	0	6	0	0	0
xfont.obj	35	0	0	35	0	0	0
xgetaudioflags.obj	1	0	0	1	0	0	0
xgetautologon.obj	1	0	0	1	0	0	0
xgetavpack.obj	1	0	0	1	0	0	0
xgetgameregion.obj	1	0	0	1	0	0	0
xgetlanguage.obj	1	0	0	1	0	0	0
xgetparentalcontrolsetting.obj	1	0	0	1	0	0	0
xgetvideoflags.obj	1	0	0	1	0	0	0
xgetvideostandard.obj	1	0	0	1	0	0	0
xhvengine.obj	83	0	0	83	0	0	0
xhvutils.obj	36	0	0	36	0	0	0
xid.obj	31	0	0	31	0	0	0
xidinp.obj	9	0	0	9	0	0	0
xmem.obj	3	0	0	3	0	0	0
xnet.obj	120	0	0	120	0	0	0
xnetp.obj	36	0	0	36	0	0	0
xonline.obj	175	0	0	175	0	0	0
xonlzx.obj	8	0	0	8	0	0	0
xontask.obj	4	0	0	4	0	0	0
xpp.obj	5	0	0	5	0	0	0
xqueryvalue.obj	1	0	0	1	0	0	0
xrltask.obj	10	0	0	10	0	0	0
xrlutil.obj	22	0	0	22	0	0	0
xsaveapi.obj	12	0	0	12	0	0	0
xtoa.obj	5	0	0	5	0	0	0
zipcode.obj	2	0	0	2	0	0	0
zutil.o	5	5	0	0	0	0	0
